{"status":true,"chatbot_details":[{"id":"16467","name":"Find Your College","customer_profile_id":"15376","launcher_text":"Hey","launcher_position":"RB","avatar_url":"https:\/\/s3.ap-south-1.amazonaws.com\/custpostimages\/ss_images\/avatar15.png","uploaded_avatar_url":"","trigger_time":"0","blacklisting_urls":null,"whitelisting_urls":"https:\/\/find-your-college.gr-site.com\/data-page","sender_email":null,"live_chat_active":"0","save_contact":"0","live_chat":null,"end_point":null,"send_email_after":null,"zapier_webhook":null,"df_access_token":null,"spreadsheet_id":null,"spreadsheet_url":null,"enable_live_online":"2","font":"url(https:\/\/fonts.gstatic.com\/l\/font?kit=PN_3Rfi-oW3hYwmKDpxS7F_z-9LZxnsR_qcwfpxY84NEyOKwIYrMk-tnkBKRRUwghDVocHOhCxuxaQ&skey=e63963c7c3a19959&v=v16) format('woff2')","bg_color":"","bg_image":"","company_logo_url":"","analytics_logo":null,"company_name":"","theme":"rgba(80, 93, 211, 1)..rgba(255, 255, 255, 1)..#ffffff..rgba(248, 248, 248, 1)..rgba(0, 118, 255, 1)..rgba(0, 118, 255, 1)","access_url_themes":"sb_bg_color;;#FFFFFF;;#ffffff;;#000000;;#ffffff;;#ffffff;;#ffffff","access_url_uploaded_background":null,"lead_acknowledge_template":"","lead_acknowledge_subject":"","is_disabled":"0","revisit_switch":"1","phone_validation":"0","closure_enable":"1","ga_tracking_id":null,"trigger_time_mobile":"5","delay_switch":"0","time_delay":"2","consent_enabled":"0","consent_enabled_for_euro":"0","is_toured":"0","font_size":"14px","lead_revisit_notification":"1","language_code":"en","multi_lingual_switch":"1","custom_brand_enabled":"0","remove_branding":"0","custom_brand_name":null,"custom_brand_url":null,"return_text":"Hey! This is not the first time you are here. What would you like to do?","adwords_integration":"0","send_lead_to_phone":"0","notifcation_phone_number":null,"send_lead_to_whatsapp":"0","whatsapp_notification_number":null,"company_emails_only":"0","text_to_speech_status":"0","text_to_speech_voice":"1","consent_text":"By clicking below, you consent to allow SmatBot to store and process the information collecting through this chat to assist you further.","properties":"{\u201cmulti_lingual\u201d:0}","font_object":"{\"url\":\"https:\/\/fonts.googleapis.com\/css2?family=Mulish:ital,wght@0,200;0,300;0,400;0,500;0,600;0,700;1,200;1,300;1,400;1,500;1,600;1,700&display=swap\",\"name\":\"Mulish\",\"category\":\"sans-serif\"}","view_setup_object":null,"skip_otp_validation":"1","lead_email_template":"modern","bot_type":"lead","email_otp_vali":"0","lead_unfilled_alert":"0","available_platforms":"desktop,mobile","notification_sound_enabled":"0","is_data_masking":"0","live_chat_notification_sound":"1","voice_input":"0","office_timings":null,"store_session":"1","stop_redirection":"0","created_at":"2023-04-04 18:50:57","whatsapp_otp_val":null}],"banned_ips":[]}