{"data":{"success":{"u":"K5T5i","pageHref":"https://find-your-college.gr-site.com/","pageTitle":"Home","pageDomain":"find-your-college.gr-site.com","p":"964b3e7f265c3ad51f1630d2c7c33f73","city":"mumbai","countryCode":"IN","showButton":true,"headlineText":"Got questions?","mainChatColorHex":"#00BAFF","textColorHex":"#FFFFFF","showPreChatMessage":true,"chatStartButtonShape":"ChatStartButtonShape.button","chatStartButtonPosition":"ChatStartButtonPosition.bottomRight","chatStartButton":"ChatStartButtonType.chat","timeZoneName":"Asia/Kolkata","mobile":{},"settings":{"isChatBranded":true,"automatedActionsAvailable":true,"billingPlan":"BillingPlan.paid"}}}}